a,her
a,à
a,hà
a,æ
a,à
a,as
a,à
a,A-
a,a-
a,ah
a,à
a,ha
abusive,abusives
accent,aksent
accessible,accessibles
ache,hache
ache,haches
acre,eiker
action,axion
actor,acter
acute,acutes
ad,add
ad,af
adaptation,adaptations
adieux,adieu
adjure,adjurent
adjure,adjures
admission,admissions
adopter,adoptai
adopter,adopté
adopter,adoptée
adopter,adoptées
adopter,adoptés
adopter,adoptez
adoration,adorations
adsorbent,adsorbe
adsorbent,adsorbes
adverbial,adverbiale
adverbial,adverbiales
adversative,adversatives
aerial,areal
aerial,Ariel
affable,affables
affaire,affaires
affect,effect
affective,effective
afflictive,afflictives
afflux,afflue
afflux,afflues
afflux,affluent
afterward,afterword
age,ae
age,ages
age,âge
age,âges
ah,há
ah,a
ah,ha
aid,aide
aide,aid
ail,ale
ail,aïe
ail,aille
ail,ailles
ail,aillent
ail,ails
aimer,aimai
aimer,aimé
aimer,aimée
aimer,aimées
aimer,aimés
aimer,aimez
air,Ayr
air,ere
air,eyre
air,heir
air,aire
air,airent
air,aires
air,airs
air,ère
air,ères
air,erre
air,errent
air,erres
air,ers
air,haire
air,haires
air,hère
air,hères
airing,erring
airship,heirship
aisle,I'll
aisle,isle
al,el
ale,Alę
alga,auga
algal,algale
algal,algales
aligner,alignai
aligner,aligné
aligner,alignée
aligner,alignées
aligner,alignés
aligner,alignez
aligner,aligniez
alimentation,alimentations
aliter,alitai
aliter,alité
aliter,alitée
aliter,alitées
aliter,alités
aliter,alitez
all,awl
all,I'll
aller,allers
aller,allé
aller,allez
allot,a lot
allowed,aloud
allusive,elusive
allusive,allusives
aloud,allowed
alphabet,alphabets
altar,alter
alter,altar
altercation,altercations
alternative,alternatives
alto,auto
alum,Allam
alumina,aluminas
alumina,aluminât
alumine,aluminent
alumine,alumines
amalgamation,amalgamations
amasser,amassai
amasser,amassé
amasser,amassée
amasser,amassées
amasser,amassés
amasser,amassez
ambiance,ambiancent
ambiance,ambiances
ambulant,ambulants
amour,amours
ample,ampla
amputation,amputations
amuse,amuses
amuse,amusent
an,in
analyse,analyses
analyse,analysent
analyst,annalist
ancien,anciens
and,end
andante,andantes
anglican,anglicans
animal,animale
animal,animales
ann,an
annal,anal
annal,anale
annal,anales
annal,annale
annal,annales
annalist,analyst
anno,hanno
annotative,annotatives
annul,Anal
anodyne,anodynes
ant,aunt
ante,anti
ante,anty
ante,auntie
anti,auntie
anticonvulsive,anticonvulsives
antisocial,antisociale
antisocial,antisociales
antre,entre
any,innie
any,Annie
aorta,a
aorta,horta
appellation,Appalachian
append,upend
aquarium,aquariums
aquiline,aquilines
arc,ark
are,argh
are,r
are,air
are,Ayr
are,ere
are,eyre
are,heir
are,art
are,-are
arid,arit
arise,arisent
arise,arises
ark,arc
arrant,errant
arrant,marry
arrogant,arrogants
art,ard
artiste,artistes
ascender,acender
ascent,assent
ashore,assure
asinine,asinines
ask,ax
ask,axe
asked,arsed
asocial,asociale
asocial,asociales
aspect,aspects
assent,ascent
assertive,assertives
assimilative,assimilatives
association,associations
assonance,assonancent
assonance,assonances
assure,ashore
astrolabe,astrolabes
at,@
at,it
at,og
at,æt
at,att
ate,ait
ate,eight
ate,eyot
atom,Adam
atom,atom-
attend,atend
attester,attesté
attester,attestée
attester,attestées
attester,attestés
attester,attestez
auger,augur
augur,auger
augustine,augustines
aunt,aren't
aunt,ant
aunt,ain't
auntie,ante
auntie,any
auntie,anti
aural,oral
aureole,oriole
auricle,oracle
austral,australe
austral,australes
autarchy,autarky
autarky,autarchy
auto,Otto
auto,otto
auto,alto
automobile,automobiles
autre,autres
aux,ox
aux,au
aux,aulx
aux,eau
aux,eaux
aux,haut
aux,hauts
aux,ho
aux,o
aux,ô
aux,oh
aux,os
avatar,avatars
aver,Ava
aversive,aversives
avocado,abocado
aw,awe
away,aweigh
awe,aw
awed,odd
aweigh,away
awful,offal
awl,all
awl,I'll
awn,on
axed,aksed
axel,axle
axil,axel
axil,axle
axle,axel
axle,axil
ay,aye
ay,eye
ay,I
ay,A
ay,eh
ay,A
ay,eh
ay,hay
aye,ay
aye,eye
aye,I
aye,ay
aye,eye
aye,I
azure,azurent
azure,azures
baa,bah
baa,bar
bach,batch
back,beg
back,bac
bacon,bakin'
bad,bat
badge,badgent
badge,badges
bah,baa
bah,bar
bah,baa
bah,bar
bail,bale
bail,baille
bail,baillent
bail,bailles
bail,bye
bailed,baled
bailing,baling
bait,bate
baited,bated
baiting,bating
baize,bays
bald,balled
bald,ballt
bale,bail
bale,Bali
bale,vale
baled,bailed
baling,bailing
ball,bawl
balm,bomb
balmily,barmily
ban,ben
ban,banc
ban,bancs
ban,bans
banal,banale
banal,banals
banal,banales
band,banned
band,bant
bandeau,bandeaux
bandeaux,bandeau
bandit,bandits
bang,bhang
bang,bank
bank,bang
banned,band
banner,banter
baobab,baobabs
bar,baa
bar,bah
bare,bear
barf,Barff
bargee,bargy
bargee,bhaji
baring,bearing
bark,barque
barmy,balmy
baron,barren
barque,bark
barre,varre
barren,baron
barricade,barricadent
barricade,barricades
barytone,baritone
base,bass
based,baste
baseline,bassline
bask,Basque
bassist,basest
baste,based
bastion,Bastian
bat,bats
bat,bât
bat,bâts
bat,bas
bat,Bad
bat,Bart
bat,bad
bate,bait
batter,badder
batter,flapping
batty,baddie
bauble,bobble
bawd,board
bawd,bored
bawdily,bodily
bawdy,body
bawl,ball
bayed,bade
bazaar,bizarre
bazar,bazars
be,b
be,bee
be,Bea
be,ve
be,B
beach,beech
bean,been
bear,bare
bear,beer
bear,bar
beard,beared
beat,beet
beat,beet
beat,bet
beat,beet
beat,bied
beat,biedt
beat,biet
beau,bow
beau,bau
beau,baux
beau,beaux
beau,bot
beau,bots
beaut,butte
beaut,Bute
beaut,Butte
beauty,booty
beaux,bow
beaver,Belvoir
beaver,bever
beaver,bevor
beck,bäck
bee,b
bee,be
bee,Bea
beech,beach
been,bin
been,Ben
been,bean
beer,bier
beet,beat
beetle,Beatle
beknighted,benighted
believe,beleave
bell,belle
bell,vell
belle,bell
belle,bel
belle,belles
bello,vello
ben,been
bendy,bindi
bene,bean
bene,been
benighted,beknighted
berry,bury
berry,Barry
berth,birth
best,bäst
bet,Beet
beta,beater
beta,baiter
beta,betað
beta,veta
bete,Beete
betting,bedding
bevy,bevvy
bey,bay
bezel,bezzle
bhang,bang
bicarbonate,bicarbonatent
bicarbonate,bicarbonates
bid,bit
bidder,bitter
bier,beer
bight,bite
bight,by't
bight,byte
bijou,bijoux
bijoux,bijou
billed,build
bin,been
biocide,biocides
birth,berth
bisque,bisquent
bisque,bisques
bit,byt
bit,bid
bite,bight
bite,by't
bite,byte
bite,byte
bitter,bidder
bittern,bitten
bittern,Bitterne
bizarre,bazaar
blare,blair
blare,Blair
blase,blasent
blase,blases
blend,blende
blew,blue
blight,blite
bloc,block
block,bloc
blood,bloot
blue,blew
boar,bore
boar,Bohr
boar,boor
board,bored
boarder,border
bobble,bauble
bock,balk
bock,bok
bod,bot
bode,bowed
bodily,bawdily
body,bawdy
body,bodi
bog,bok
bogey,bogie
bogey,bogy
bogie,bogey
bogie,bogy
boise,boisent
boise,boises
bold,bowled
bolder,boulder
bole,bowl
boll,bole
boll,bowl
bolt,bold
bomb,balm
bomb,BOM
bomb,bump
bombe,bumpe
bomber,bumper
bomber,bombeur
bombsight,bombsite
bon,bond
bon,bonds
bon,bons
bond,bont
bond,bon
bond,bons
bond,bonds
book,buck
boor,Boer
boor,boar
boor,bore
boor,Bohr
booze,boos
border,boarder
bore,boar
bore,Bohr
bore,boor
born,borne
born,bourn
born,bourne
born,Bourne
born,bawn
born,non-rhotic
borne,born
borough,burgh
bosh,Boche
bosh,Bosch
bot,bought
bot,Boot
bot,bod
bough,bow
bought,bot
boulder,bolder
bourn,borne
bout,'bout
bout,boud
bout,bouwt
bout,boue
bout,boues
bout,bous
bout,bou
bout,bouts
bow,beau
bow,bough
bow,bough
bowed,bode
bowled,bold
box,boks
box,bocks
boy,boly
boy,boj
brae,bray
braid,brayed
brain,brane
braise,brays
braise,braize
braize,braise
brake,break
braking,breaking
brand,brænd
brand,brandt
brand,Brandt
brandy,brändi
brassie,brassy
bray,brae
brayed,braid
braze,braise
breach,breech
breached,breeched
breaching,breeching
bread,bred
break,brake
breaking,braking
bream,brim
breast,Brest
breech,breach
breeched,breached
brewed,brood
bridal,bridle
bridle,bridal
brie,bree
brighten,Brighton
brin,brun
bro,Breaux
broach,brooch
brochure,brochures
brooch,broach
brood,brewed
browse,brows
bruise,brews
bruit,brute
buck,book
buckle,buccal
bug,buc
build,billed
bull,vull
bump,bomb
bumper,bomber
bunion,Bunyan
bunkum,buncombe
bunt,Bund
buoy,boy
buoyed,boid
buoyed,Boyd
burger,Berger
burger,-burger
burger,burgher
burgh,borough
burgh,berg
burgh,burg
burgher,burger
burley,burly
burley,Burleigh
burn,Bern
burr,brr
burro,borough
burrow,borough
bury,berry
bury,Berry
bury,Barry
bused,bust
bussed,bust
bust,bussed
bust,bused
but,butt
but,bu
but,bue
but,bues
but,bus
but,bût
but,buts
but,bute
but,butent
but,butes
but,bûtes
but,buts
but,butte
but,buttent
but,buttes
but,bu
but,bue
but,bues
but,bus
but,bût
but,buts
butt,but
butte,beaut
butted,budded
butting,budding
buy,bi
buy,bye
buy,by
by,bi
by,bye
by,buy
bye,bi
bye,buy
bye,by
bygone,bigon
byte,bight
byte,bite
byte,by't
byte,bite
byte,bájt
ca,ka
cabala,cavala
cache,cash
cache,cachet
caddy,cattie
caddy,catty
caesar,seizer
calc,calque
calcine,calcinent
calcine,calcines
calendar,calender
calendar,qalandar
calender,calendar
calender,qalandar
calk,calc
calk,calque
call,coll
call,caught
caller,collar
calve,carve
camp,Caen
camp,quand
camp,quant
canard,canards
cane,Cain
cane,Cannes
canine,K9
canna,cannas
canna,cannât
cannon,canon
canny,kanny
canon,cannon
cant,can't
cant,Kant
cape,capent
cape,capes
capita,capitas
capita,capitât
capital,capitol
capitol,capital
car,carr
car,Carr
car,Karr
caracole,caracolent
caracole,caracoles
carat,karat
carat,carrot
carat,caret
carbine,carbene
card,kart
carder,carter
carder,Carter
care,car
care,carent
care,cares
care,carre
care,carrent
care,carre
care,quarre
care,quarres
care,quarrent
care,quart
cares,care
cares,carent
caret,carat
caret,karat
caret,carrot
caricature,caricatures
carminative,carminatives
carpal,carpel
carpe,carpes
carpel,carpal
carrel,carol
carrel,Carol
carrot,carat
carrot,karat
carrot,caret
carry,Carrie
carte,kart
carter,carder
carter,karter
carton,cartons
carve,calve
carved,calved
carver,calver
carving,calving
casa,caza
case,cases
cash,cache
cashed,cached
casher,kasher
cashew,cachou
casque,casques
casserole,casseroles
cassette,cassettes
cast,caste
cast,karst
caste,cast
caste,karst
caster,castor
cat,Kat
cat,khat
cat,qat
catafalque,catafalques
catalogue,catalogues
catamaran,catamarans
catarrh,Qatar
catty,caddie
catty,caddy
caudal,coddle
caudal,caught
caudal,caudle
caudate,chordate
caudate,cordate
caught,cot
caught,court
caul,call
caulk,cock
caulk,cork
caulk,calc
caulk,calk
caulk,calque
causal,causale
causal,causales
cause,caws
cause,'cause
cause,causent
cause,causes
causer,causai
causer,causé
causer,causée
causer,causées
causer,causés
causer,causez
cavalcade,cavalcadent
cavalcade,cavalcades
cave,cavy
cavy,cave
cell,cel
cell,sell
cellar,seller
cent,scent
cent,sent
cent,sent
cent,cents
cent,san
cent,sang
cent,sangs
cent,sans
cent,sens
cent,sent
cent,cents
center,sinner
center,centre
century,sentry
chair,chare
chair,chaire
chair,chaires
chair,chairs
chair,cher
chair,chers
chair,chère
chair,chères
chair,cherres
chalk,chock
champ,champs
champ,chant
champ,chants
changer,changeai
changer,changé
changer,changée
changer,changées
changer,changés
changer,changez
chanson,chansons
chantage,chantages
chare,chair
charger,chargé
charger,chargée
charger,chargées
charger,chargés
charger,chargeai
charger,chargez
chart,chaat
chart,hart
chary,cherry
chased,chaste
chaste,chased
chat,czad
chat,Czad
chat,czat
chauffeur,shofar
chaw,chore
cheap,cheep
cheater,cheetah
check,cheque
check,Czech
check,käck
check,tjeck
cheep,cheap
cheeped,cheaped
cheeping,cheaping
cheese,qis
cheesy,cheezie
cheetah,Chita
cheetah,cheater
chef,cheffe
chef,cheffes
chef,chefs
chemise,chemisent
chemise,chemises
cheque,check
cheque,Czech
cheque,xeque
chewy,chewie
chez,shay
chez,chais
chez,ché
chi,’chi
chic,sheik
chic,sheikh
chic,chics
chic,chique
chic,chiquent
chic,chiques
chile,chili
chile,chilli
chile,chilly
chili,Chile
chili,chile
chili,chilli
chili,chilly
chilly,Chile
chilly,chile
chilly,chili
chilly,chilli
chock,chalk
choir,quire
choker,chokai
choker,choké
choker,chokée
choker,chokées
choker,chokés
choker,chokez
choline,colline
choose,chews
chord,cord
chord,cored
chordate,caudate
chordate,cordate
chordate,cordate
chorea,Korea
chou,shoe
chou,shoo
chou,shew
chou,SHU
chou,choux
chow,ciao
chromosome,chromosomes
chuff,chough
chute,shoot
chute,chut
ciao,chow
cinema,sinema
cinque,cinq
cinque,sink
cinque,sync
cinque,synch
cinque,cinq
cinque,sank
circle,cercal
circuit,circuits
circulation,surculation
citation,citations
citation,citassions
cite,sight
cite,site
cite,citent
cite,cites
cite,scythe
cite,Scythe
cite,scythes
cite,Scythes
cite,site
cite,sites
cited,sighted
cited,sited
cited,sighted
cited,sited
cited,sided
citer,citai
citer,cité
citer,citée
citer,citées
citer,cités
citer,citez
citing,sighting
citing,siting
citing,sighting
citing,siting
citing,siding
citrine,Citroën
citrine,citron
citron,citrine
citron,Citroën
civil,civile
civil,civiles
civil,civils
civil,sibil
clair,clerc
clamor,clammer
clan,Klan
claque,clack
clause,claws
clavier,claviers
clef,clé
clef,clefs
clef,clés
clerk,Clark
cleverly,Cleverley
clew,clue
click,clique
click,klick
climb,clime
clime,climb
clique,click
clique,klick
clique,clic
clique,clics
clique,cliquent
clique,cliques
cloisonne,cloisonnent
cloisonne,cloisonnes
clone,clonent
clone,clones
close,clothes
clown,clowns
clue,clew
coal,cole
coal,kohl
coaled,cold
coarse,course
coax,Cokes
coax,cokes
coco,cocoa
cocoa,coco
cod,cawed
coda,coder
codex,codecs
coercive,coercives
coexistent,coexiste
coexistent,coexistes
coffee,coughy
cognac,konjac
cognitive,cognitives
cognoscente,cognoscenti
coif,quaff
coign,coin
coign,quoin
coin,coign
coin,quoin
coin,coing
coin,coings
coin,coins
coir,coyer
coke,kook
col,colle
col,collent
col,colles
col,cols
cold,coaled
cole,coal
cole,kohl
coll,call
collaboration,collaborations
collapse,collapsent
collapse,collapses
collar,caller
collation,colation
collection,collections
colly,collie
colly,cauli
colonel,kernel
color,culler
coloring,culler
colour,culler
coma,comber
coma,comas
combat,combats
combe,coom
combe,cwm
comber,coma
combiner,combinai
combiner,combiné
combiner,combinée
combiner,combinées
combiner,combinés
combiner,combinez
combustion,combustions
come,cum
comity,comedy
comma,commas
comma,commât
commandant,commandants
commander,commandai
commander,commandé
commander,commandée
commander,commandées
commander,commandés
commander,commandez
commercial,commerciale
commercial,commerciales
communal,communale
communal,communales
commute,commutent
commute,commutes
compacter,compactor
compensative,compensatives
complacent,complaisant
complacently,complaisantly
complaisant,complacent
complaisantly,complacently
complement,compliment
complementary,complimentary
complication,complications
compliment,complement
complimentary,complementary
composer,composai
composer,composé
composer,composée
composer,composées
composer,composés
composer,composez
compressive,compressives
compte,comte
compte,compta
compte,comptent
compte,comptes
compte,comte
compte,comtes
compte,conte
compte,content
compte,contes
comptroller,controller
compute,computent
compute,computes
computer,computai
computer,computé
computer,computée
computer,computées
computer,computés
computer,computez
con,conn
concept,concepts
concerto,conserto
concerto,conserto
conclusive,conclusives
condensation,condensations
condense,condensent
condense,condenses
confine,confinent
confine,confines
conformation,confirmation
conga,conger
conger,conga
congruence,congruences
conker,conquer
conn,con
connotative,connotatives
conquer,conker
conscience,consciences
conservative,conservatives
conspire,conspirent
conspire,conspires
constant,constants
constitution,constitutions
constitutive,constitutives
consular,consolar
consultant,consultants
content,comptant
content,contant
content,contents
contour,kontor
control,Ctrl
controller,comptroller
convalescent,convalescents
conversation,conversations
conviction,convictions
convivial,conviviale
convivial,conviviales
convulsive,convulsives
coo,coup
cookie,kooky
cookie,cuque
cool,koel
cool,coule
cool,coules
cool,coulent
coolly,coolie
coolly,coulee
coolly,coulis
coop,coupe
copier,copiai
copier,copié
copier,copiée
copier,copiées
copier,copiés
copier,copiez
copse,cops
copula,copulas
copula,copulât
coral,choral
cord,chord
cord,cored
cord,cawed
cord,non-rhotic
cordate,caudate
cordate,chordate
cordate,chordate
core,corps
corer,Koror
cornflower,cornflour
corse,coarse
corse,course
cosign,cosine
cosine,cosign
cot,caught
cot,court
cote,coat
coulee,coolly
council,counsel
counsel,council
counselor,councilor
coup,coo
coup,koe
coup,coupe
coup,cou
coup,coud
coup,couds
coup,coups
coup,cous
coup,coût
coup,coûts
coupe,coop
couped,cooped
courier,currier
course,coarse
courser,curser
courser,cursor
court,caught
court,cour
court,coure
court,courent
court,coures
court,courre
court,cours
court,courts
cousin,cozen
cove,Cobh
coward,cowered
cowl,cawl
coy,koi
coyer,coir
cozen,cousin
crape,crepe
crape,crêpe
crappy,crappie
crash,crèche
crasher,cracher
creak,creek
creche,cresce
creek,creak
creek,crick
cretin,Cretan
crew,crewe
crew,Crewe
crew,cru
crewed,crude
crewel,cruel
crock,croc
crone,crosne
crude,crewed
cruel,cruels
cruel,cruelle
cruel,cruelles
cruise,crews
crump,krump
cry,krai
cuba,cubas
cuba,cubât
cubit,qubit
cucumber,Qcumber
cue,queue
cued,queued
cueing,queuing
culler,color
culler,colour
curative,curatives
curb,kerb
curb,kirb
curd,Kurd
currant,current
current,currant
curt,Kurt
curt,kurd
curtain,Kirton
custody,custardy
cute,Qt
cygnet,signet
cymbal,symbol
cymbalist,symbolist
cynic,Sinic
cynical,sinical
cynicism,Sinicism
daiquiri,dykery
dam,damn
dam,dams
dam,dame
dam,dames
dam,dans
dam,dent
dam,dents
dammed,damned
damming,damning
damning,damming
daring,derring
data,dater
data,darter
data,daughter
dater,data
dater,datai
dater,daté
dater,datée
dater,datées
dater,datés
dater,datez
daughter,dotter
daughter,data
daw,d'aw
daw,door
daw,non-rhotic
dawdle,doddle
dawn,don
dawn,Don
dawned,donned
day,dey
daze,days
deaf,death
deaf,th-fronting
deaf,def
dean,dene
dear,deer
dear,Deere
death,debt
death,th-stopping
death,deaf
death,th-fronting
debt,death
decade,decayed
deceased,diseased
deck,deque
deckle,decal
deco,dekko
deer,dear
deer,dir
deign,Dane
deli,Delhi
demon,daemon
den,din
den,dehn
dengue,dingue
dengue,dingues
dent,dam
dent,dams
dent,dans
dent,dents
der,dare
derrick,Derek
description,descriptions
desert,dessert
desk,disk
dessert,desert
dew,do
dew,doo
dew,Jew
dew,due
dhole,dole
dicer,dghaisa
die,dye
die,Di
die,Dai
die,daye
died,dyed
diffractive,diffractives
diffuse,defuse
diffuser,defuser
diffusive,diffusives
digital,digitale
digital,digitales
diker,duiker
din,dun
din,dyn
direct,directe
direct,directes
direct,directs
directive,directives
discreet,discrete
discreetly,discretely
discrete,discreet
discretely,discreetly
discussed,disgust
discussion,discussions
disgust,discussed
dissent,descent
dissuader,dissuadai
dissuader,dissuadé
dissuader,dissuadée
dissuader,dissuadées
dissuader,dissuadés
dissuader,dissuadez
dissuasion,dissuasions
dissuasive,dissuasives
distinct,distincts
distinct,distincte
distinct,distinctes
distinction,distinctions
distinctive,distinctives
distractive,distractives
disturber,disturbé
disturber,disturbée
disturber,disturbées
disturber,disturbés
diuretic,diarrhetic
diuretic,diaeretic
divinise,divinisent
divinise,divinises
divisor,diviser
djinn,djin
djinn,gin
djinn,jinn
djinn,gin
djinn,jean
do,doo
do,doux
do,dew
do,due
do,doe
do,dough
do,d'oh
do,då
do,Du
do,dou
doc,dock
dock,Doc
dock,doc
document,documents
doe,doh
doe,d'oh
doe,dough
doer,dewar
doer,Dewar
doer,doir
dog,doch
dole,dhole
dole,dolent
dole,doles
dolman,dolmen
dolour,dollar
dom,don
dom,dont
don,dawn
don,dom
don,dons
don,dont
done,dun
done,Donn
done,Donne
done,Dunn
done,Dunne
door,daw
door,dour
door,dough
dost,dust
dot,dote
dot,dotent
dot,dotes
dot,dots
dotter,daughter
dough,doh
dough,d'oh
dough,doe
doughnut,donut
dour,Daur
dour,doer
dour,door
dour,dower
dower,dour
downy,Downie
doze,does
doze,dos
doze,doughs
drab,drap
draught,draft
draw,drawer
drawer,draw
drive,drivent
drive,drives
droop,drupe
drop,drob
drupe,droop
dual,duel
dub,dup
duct,ducked
due,dew
due,dew
due,do
due,doo
due,dew
due,Jew
duel,dual
dug,Doug
duke,juke
dun,done
dun,Donn
dun,Donne
dun,Dunn
dun,Dunne
dune,June
dung,giun
dung,vun
dung,vung
dup,dub
dup,dób
durum,Durham
dust,dost
dusty,dustee
duty,doody
dyad,diad
dye,die
dye,Di
dye,Dai
dyed,died
dyeing,dying
dying,dyeing
dynamite,dynamitent
dynamite,dynamites
dyne,dine
ear,-eer
earl,URL
early,Earley
earn,ern
earn,erne
earn,urn
earnest,Ernest
ease,ees
ease,E's
ease,'e's
eaten,Eaton
eaten,Eton
eaten,eating
eau,ewe
eau,u
eau,yew
eau,you
eau,hew
eau,hue
eau,Hugh
eau,au
eau,aux
eau,aulx
eau,eaux
eau,haut
eau,hauts
eau,ho
eau,o
eau,ô
eau,oh
eau,os
eave,eve
eave,Eve
eccentric,excentric
echo,hecho
edition,addition
eel,'e'll
eerie,Erie
effect,affect
effective,effectives
efficient,efficients
egg,Eigg
egg,ägg
eh,Ä
eh,E
eh,e
eh,he
eight,ait
eight,ate
eight,eyot
einstein,ajnsztajn
eke,eek
elation,illation
electro,électro-
electro,électro
electro,électros
elicit,illicit
elusive,illusive
emigrate,immigrate
encapsule,encapsulent
encapsule,encapsules
end,enn
enfant,enfants
englobe,englobent
englobe,englobes
engram,n-gram
ennui,ennuie
ennui,ennuient
ennui,ennuies
ennui,ennuis
enrobe,enrobent
enrobe,enrobes
enter,inner
eon,Ian
epee,epees
era,error
era,hera
era,Hera
ere,air
ere,Ayr
ere,eyre
ere,heir
erne,earn
erne,ern
erne,urn
errant,arrant
errant,marry
errant,merry
error,era
error,air
error,e'er
error,ere
error,heir
error,err
essay,ese
esse,ace
esse,aces
esse,ès
esse,esses
ester,Esther
et,ai
et,-et
ether,eter
ethyl,Ethel
etna,Aetna
eve,eave
eve,æve
eventual,evential
evitable,habitable
ewe,eau
ewe,u
ewe,yew
ewe,you
ewe,yo
ewe,hew
ewe,hue
ewe,Hugh
ex,ex-
ex,-ês
exactitude,exactitudes
excessive,exessive
exhaustive,exhaustives
exigence,exigences
existence,existences
expectative,expectatives
exporter,exportai
exporter,exporté
exporter,exportée
exporter,exportées
exporter,exportés
exporter,exportez
extractive,extractives
extrude,extrudent
extrude,extrudes
eye,ay
eye,aye
eye,I
eyed,I'd
eyelet,islet
eyrir,eirir
face,faces
face,fasce
face,fasse
face,fassent
face,fasses
facile,faciles
fad,Fahrt
fad,Pfad
fade,Pfade
fain,feign
fain,fane
fain,foehn
faint,feint
fainted,feinted
fair,fare
faire,fer
faire,fers
fairer,farer
fairing,faring
fairy,ferry
fait,fais
fait,faits
fait,faix
fait,fée
fait,fées
fait,faite
fait,faites
fait,faits
fait,faîte
fait,faîtes
fait,fête
fait,fêtent
fait,fêtes
fakir,faker
falsifiable,falsifiables
falsifier,falsifiai
falsifier,falsifié
falsifier,falsifiée
falsifier,falsifiées
falsifier,falsifiés
falsifier,falsifiez
familia,familiar
fan,faan
fan,fanne
fan,fän
far,fær
fare,fair
farer,fairer
faring,fairing
faro,pharaoh
farther,father
fascial,facial
fast,fasst
fasten,fassten
fastest,fasstest
fat,phat
fatal,fetal
father,farther
father,non-rhotic
faugh,faw
faugh,fough
faun,fawn
fauna,faune
fauve,fauves
faux,foe
faux,pho
fawn,faun
fax,facts
fax,facks
fay,fey
faze,phase
feat,feet
fee,fi
feet,feat
feign,fane
feign,foehn
feign,fain
feint,faint
felloe,fellow
fellow,felloe
fennec,Fenwick
feral,Farrell
ferry,fairy
ferule,ferrule
fervent,fervents
fesse,fèces
fessed,fest
fetal,fatal
fetter,Vetter
few,phew
fez,fés
fie,phi
figurative,figuratives
file,fil
file,filent
file,files
file,fils
file,Phil
file,-phile
fill,Phil
fillip,Philip
fillip,Phillip
filly,Philly
filter,philter
fin,thin
fin,th-fronting
fin,Finn
fin,faim
fin,fins
fin,feins
fin,feint
fin,feints
financier,financiers
find,fined
fined,find
finely,finally
finish,Finnish
fir,fur
fir,vir
fish,phish
fish,ghoti
fisher,fissure
fishing,phishing
fissure,Fischer
fissure,Fisher
fissure,fisher
fix,fixe
fix,Ficks
fix,ficks
fjord,fjor
flack,flak
flair,flare
flak,flack
flame,flament
flame,flames
flare,flair
flaw,floor
flee,flea
flemish,phlegmish
flew,flu
flew,flue
flex,flecks
flexible,flexibles
flick,flic
flint,Flynt
floe,flow
floe,Flo
floor,flaw
floor,flow
floor,floe
florescence,fluorescence
florescent,fluorescent
flour,flower
flow,floe
flow,Flo
flower,flour
flu,flew
flu,flue
flue,flew
flue,flu
fluor,flår
fluorescence,florescence
fluorescent,florescent
foaled,fold
foe,faux
foehn,feign
foehn,fane
foehn,fain
fold,foaled
foment,ferment
fond,fawned
fond,font
fond,font
fonder,fondai
fonder,fondé
fonder,fondée
fonder,fondées
fonder,fondés
fonder,fondez
for,fore
for,horse
for,four
force,forcent
force,forces
forcer,forçai
forcer,forcé
forcer,forcée
forcer,forcées
forcer,forcés
forcer,forcez
fore,four
fore,for
forego,forgo
foresight,Forsythe
forest,forced
formally,formerly
formerly,formally
formulation,formulations
fort,forte
forth,fourth
forward,foreword
forworn,foreworn
forworn,forewarn
forworn,forwarn
fosse,fausse
fosse,fausses
fosse,fosses
fosse,fouce
foul,fowl
fouled,fowled
fouler,fowler
fouler,foulai
fouler,foulé
fouler,foulée
fouler,foulées
fouler,foulés
fouler,foulez
fouling,fowling
fount,font
four,fore
four,for
four,foure
fourth,forth
fowl,foul
fowled,fouled
fowler,fouler
fowling,fouling
frag,phrag
fragile,fragiles
fragment,fragments
fragmentation,fragmentations
franc,frank
franc,Frank
frank,franc
frappe,frap
fraught,frot
frayed,'fraid
free,three
free,th-fronting
freeze,frees
freeze,frieze
freezer,friseur
fret,Fred
fret,feraient
fret,ferais
fret,ferait
fret,frais
fret,frets
friable,fryable
friable,friables
friar,frier
friar,fryer
frieze,frees
frieze,freeze
frig,fridge
fro,froe
front,ferons
front,feront
frowzy,frouzy
fruit,fruits
fryer,friar
fuchsia,fuchsias
fugitive,fugitives
fugue,fuguent
fugue,fugues
fume,fument
fume,fumes
fume,fûmes
fur,fir
furor,Führer
furze,furs
fuse,fusent
fuse,fuses
future,futur
future,futurs
future,futures
gaff,gaffe
gaffe,gaff
gage,gauge
gage,gagent
gage,gages
gait,gate
gaited,gated
gaiter,gator
gaiting,gating
gala,galas
gala,galât
gale,Gail
gale,galę
gall,Gaul
gallop,Gallup
galop,galops
galop,gallo
gamble,gambol
gambling,gambol
gambol,gamble
game,gem
gamer,gamers
ganser,gansé
ganser,gansée
ganser,gansées
ganser,gansés
ganser,gansez
garrotte,garrottent
garrotte,garrottes
gaud,god
gaud,cot
gaud,gored
gaud,non-rhotic
gauge,gage
gay,gai
gay,gaie
gay,gaies
gay,gais
gay,gays
gay,guet
gay,guets
gayly,Gaely
gayly,Gæly
gaze,gays
gaze,gaz
gaze,gazes
gaze,gazent
geezer,geyser
geezer,Giza
gel,jel
gel,jell
gem,game
gen,Jen
gen,gehn
gene,Jean
genre,genres
gent,djent
geog,jog
gerbil,Dyirbal
germinal,germinale
germinal,germinales
germinal,germinals
geyser,guiser
geyser,geezer
ghee,gi
gig,jig
gild,gilled
gild,guild
gilder,guilder
gill,Jill
gilled,gild
gilled,guild
gilt,guilt
gimbal,gimble
gin,djinn
gin,djinn
gin,djinn
gin,djinn
gin,jean
girl,Guirl
git,ghit
glacial,glaciale
glacial,glaciales
glad,GLAAD
global,globale
global,globales
gloze,glows
gnash,Nash
gnaw,nor
gnome,Nome
gnome,nome
gnu,new
gnu,nu
gnu,knew
god,gaud
gofer,gopher
golf,golfe
gooey,GUI
googol,google
googol,Google
gorge,gorg
gorilla,guerrilla
gouger,gougé
gouger,gougée
gouger,gougés
gouger,gougées
gouger,gougez
gouger,gougeai
gourd,gored
gourmand,gourmands
gowned,gound
grad,græd
grad,Grat
grad,grat
grade,grayed
grade,greyed
grade,grades
graham,gram
graham,gramme
gram,graham
gram,-gram
gramme,gram
gramme,graham
grande,grandes
grandeur,grander
grandeur,grandeurs
grandiose,grandioses
granule,granulent
granule,granules
grate,great
grater,greater
gratitude,gratitudes
grave,grav
grave,grabe
gray,grey
gray,greige
grayed,grade
graze,grays
graze,greys
grazer,graser
grease,Greece
great,grate
greater,grater
greave,grieve
greaved,grieved
grieved,greaved
grille,grill
grime,griment
grime,grimes
grippe,grip
grippe,grippes
grippe,grippent
grisly,grizzly
grizzly,grisly
groan,grown
grocer,grosser
groin,groyne
grosz,grosze
grown,groan
guerre,guerres
guerre,guère
guerrilla,gorilla
guessed,guest
guest,guessed
guide,guides
guider,guidé
guider,guidée
guider,guidées
guider,guidés
guider,guidez
guild,gild
guild,gilled
guilder,gilder
guilt,gilt
guise,guys
gulf,golf
guyed,guide
gym,Jim
gyro,giro
gyve,jive
ha,a
ha,a
habile,habiles
habitable,evitable
habitant,habitants
habitat,habitats
habitation,habitations
habitue,habituent
habitue,habitues
hack,hek
hail,hale
hair,hare
hair,here
hair,air
hair,heir
haler,hailer
hall,haul
halloed,hallowed
hallow,hollow
hallowed,halloed
hallucination,hallucinations
halo,alo
halt,hallt
halt,halvt
halve,have
hamburger,hamburgers
hand,han
hand,hann
hand,han
hand,hann
handmade,handmaid
handmaid,handmade
handsome,Hansom
hangar,hanger
hanger,hangar
harangue,haranguent
harangue,harangues
haranguer,haranguai
haranguer,harangué
haranguer,haranguée
haranguer,haranguées
haranguer,harangués
haranguer,haranguez
harasser,aracée
harasser,harassai
harasser,harassé
harasser,harassée
harasser,harassées
harasser,harassés
harasser,harassez
hard,hart
hard,har
hard,har
hare,hair
hare,harde
hare,harde
harmony,hominy
hart,heart
hart,hard
hart,harrt
hart,haart
hart,chart
hast,hasst
hasta,asta
haste,hasste
hasten,hassten
hate,Haight
haughty,hottie
haul,hall
hauteur,auteur
hauteur,auteur
hauteur,auteurs
hauteur,hauteurs
haver,a ver
hawk,hock
hawse,whores
hay,hey
hay,ay
haze,hays
haze,heys
he,hé
he,e
heal,heel
heal,he'll
heal,hill
healed,heeled
healing,heeling
hear,here
hear,hir
heard,herd
hearse,herse
heart,hart
heat,hit
heed,he'd
heel,heal
heel,he'll
heel,hill
heeling,healing
height,hight
heighten,Huyton
heir,air
heir,Ayr
heir,ere
heir,eyre
heirship,airship
hell,Häll
heller,häller
hem,him
hem,him
henna,għenna
henna,ħenna
her,a
her,Heer
her,hehr
her,Herr
her,hær
herald,Harold
herbicide,herbicides
herbivore,herbivores
herd,heard
here,hear
here,hir
heroin,heroine
heroine,heroin
hertz,hurts
hest,heyst
hew,hue
hew,Hiw
hew,Hugh
hey,hay
hi,hie
hi,high
hi,i
hi,hei
hi,high
hic,hick
hiccough,hiccup
hiccup,hiccough
hick,hic
hidalgo,hidalgos
hie,hi
hie,Hi
hie,high
hie,y
hie,hies
hie,hient
high,hi
high,Hi
high,hie
high,Hai
higher,hire
highland,island
highlight,hilite
hight,height
hill,heel
him,hymn
hindi,indi
hire,higher
hit,heat
ho,hoe
ho,hoh
hoard,horde
hoard,whored
hoarse,horse
hoary,whorey
hoax,hokes
hock,hawk
hockey,hoquet
hockey,hoquets
hog,hogg
hold,holed
hole,whole
holed,hold
holey,wholly
holey,holy
holistic,wholistic
holler,hauler
holocaust,Holokaust
holocaust,holokaust
holy,holey
holy,wholly
hombre,hombres
hombre,ombre
hombre,ombres
hombre,ombrent
home,hom
home,holm
home,heaume
home,holme
hominy,harmony
homophone,homophones
hon,Hun
honda,onda
hookah,hooker
hooky,hookey
hooky,hookie
hora,ora
horde,hoard
horde,whored
horizon,horizons
horizontal,horisontal
horizontal,horisontale
horizontal,horisontales
horizontal,horizontale
horizontal,horizontales
horror,whore
horror,hoar
horse,hoarse
horst,horsed
hose,hoes
hostel,hostile
hostile,hostel
hour,our
house,how's
hub,hup
hue,hew
hue,Hugh
hue,Hiw
hula,chula
humble,humbles
hun,un
hun,hund
hun,hunn
hungry,Hungary
hunter,junta
hup,hub
hup,Hub
hymn,him
hyperbole,hyperboles
hypotensive,hypotensives
ice,hice
iceberg,icebergs
id,it'd
idea,idejha
idiot,idiots
idle,idol
idle,idyll
idle,idyl
idyll,idle
idyll,idol
ignorant,ignorants
illicit,elicit
illusion,illusions
illusive,elusive
illustrative,illustratives
image,images
image,imagent
imaginative,imaginatives
imbibe,imbibent
imbibe,imbibes
immanent,imminent
immigrate,emigrate
imminent,eminent
impala,impalas
impotent,impotents
impudence,impudences
impugn,impune
impulse,impulsent
impulse,impulses
in,inn
incandescent,incandescents
incidence,incidents
incisive,incisives
inclusive,inclusives
incommode,incommodent
incommode,incommodes
incurve,incurvent
incurve,incurves
indict,indite
indite,indict
indolent,indolents
ineffable,ineffables
inflammable,inflammables
inflammation,inflammations
inflation,inflations
influent,influents
ingest,in jest
ingrate,ingrates
ingratitude,ingratitudes
inhabitable,inhabitables
inhaler,inhalé
inhaler,inhalée
inhaler,inhalées
inhaler,inhalés
inhaler,inhalez
inhume,inhument
inhume,inhumes
ink,inc.
inker,Inca
inn,in
inn,inn-
inn,in
insensible,insensibles
insider,inciter
insightful,inciteful
insolent,insolents
insulter,insulté
insulter,insultée
insulter,insultées
insulter,insultés
insulter,insultez
intelligible,intelligibles
intention,intension
international,internationale
international,internationales
interpolar,interpolà
interpolate,interpellate
interpose,interposent
interpose,interposes
intransitive,intransitives
introspective,introspectives
inutile,inutiles
invade,inveighed
invective,invectivent
invective,invectives
inveighed,invade
invincible,invincibles
inviolable,inviolables
inward,n-word
ion,iron
iron,ion
irritation,irritations
isle,I'll
isle,aisle
islet,eyelet
it,at
jacky,Jackie
jam,jamb
jamb,jam
jane,Jain
jean,gene
jean,Gene
jean,djinn
jean,gin
jell,gel
jell,jel
jest,gjest
jest,gjest
jester,gestor
jester,gjester
jet,jed
jew,dew
jewel,joule
jiff,gif
jillion,gillion
jillion,Gillian
jillion,Jillian
jinn,gin
jinx,jynx
jive,gyve
joe,Jo
joie,joies
joie,joua
joie,jouas
joie,jouât
joint,joins
joint,joints
joule,jewel
joule,jowl
jour,Sjur
joust,juiced
joust,just
jovial,joviale
jovial,joviales
jubile,jubilent
jubile,jubiles
juke,jook
juke,duke
juke,yod coalescence
junk,junque
junta,hunter
jurisprudence,jurisprudents
kaddish,caddish
kaka,carker
kappa,cappa
kappa,cappa
karat,carat
karat,carrot
karat,caret
karma,cama
karma,calmer
kart,carte
kayak,kayaks
keen,Keane
keen,Keene
keep,cape
keep,cape
keep,kiep
kenning,kending
kerb,curb
kerb,kirb
kernel,colonel
ketchup,catch-up
key,cay
key,ki
key,quay
khaki,cocky
khaki,kaki
khan,carn
khan,con
kiddie,kitty
kiddy,kitty
kiln,kill
kit,kitsch
kitsch,Kizh
kitty,kiddie
kitty,kiddy
knapping,napping
knave,nave
knead,kneed
knead,need
kneading,needing
knee,nee
kneed,knead
kneed,need
kneel,Neal
kneel,Neil
kneel,Niel
knell,Nell
knew,new
knight,night
knight,nite
knit,nit
knob,nob
knobby,Nobby
knot,naught
know,noh
known,none
known,noone
kohl,coal
kohl,cole
kraft,kræft
lac,lacs
lac,laque
lac,laquent
lac,laques
lacer,laser
lacer,lasser
ladder,latter
lade,laid
lag,lað
lag,læ
lag,læð
lag,lak
lager,laager
laid,lai
laid,laids
laid,lais
laid,lait
laid,laits
laid,legs
lair,layer
laird,laired
lait,lai
lait,laid
lait,laids
lait,lais
lait,laits
lait,legs
lama,llama
lamentable,lamentables
lamer,lamai
lamer,lamé
lamer,lamée
lamer,lamées
lamer,lamés
lamer,lamez
lance,lancent
lance,lances
lane,lain
lapse,laps
large,larges
larva,lava
laser,lacer
laser,lezer
lasso,laço
latter,ladder
lava,larva
law,la
law,lore
lax,lacks
lax,Lachs
lax,Lacks
lay,lei
lay,ley
lay,le
layer,lair
laze,lase
laze,lays
leach,leech
lead,led
lead,leed
lead,lede
leader,liter
leader,litre
leader,lieder
leaf,Leith
leaf,th-fronting
leaf,lief
leak,leek
leaky,leeky
lean,lien
leant,lent
leant,Lent
lease,lies
leased,least
leash,Laois
least,leased
lect,-lect
led,lead
led,let
lee,lea
lee,Lea
lee,leigh
lee,Leigh
lee,li
lee,Li
lee,Lie
leech,leach
leek,leak
leer,lehr
leg,lej
leg,lek
leg,Lek
lei,lay
lei,ley
lei,ly
lek,leg
lemur,Lima
lent,leant
lessen,lesson
lesson,lessen
let,Lett
let,led
lettuce,Lettice
leu,lev
lev,leu
levee,levy
levee,levy
levee,Levy
lever,leaver
lever,levai
lever,levé
lever,levée
lever,levées
lever,levés
lever,levez
lewd,leud
lex,leks
liar,lyre
liar,lier
libidinal,libidinale
libidinal,libidinales
libre,Libra
libre,libres
lice,lices
lice,lis
lice,lisse
lice,lissent
lice,lisses
lice,lys
licence,licences
lichen,liken
lichen,lycan
licht,ligt
lie,lye
lie,lai
lied,liet
lieder,leader
lief,leaf
lien,lean
lier,liar
lier,lyre
lieu,loo
lieu,lieue
lieu,lieus
lieu,lieux
lieu,lieues
light,lite
like,likent
like,likes
liken,lichen
liken,lycan
lima,limât
lima,Limat
limb,limn
limb,Lymm
limn,lim
limn,limb
lint,Lent
lint,pin
lion,lions
lion,Lyon
liquor,licker
lira,lyra
lira,Lyra
lira,lyra
lire,lyre
lire,lires
lire,lyre
lire,lyrent
lire,lyres
list,Liszt
list,lyst
list,lyst
lit,lits
lite,light
liter,leader
literal,littoral
litre,leader
litter,lidder
little,Littell
littoral,literal
livre,livres
livre,livrent
llama,lama
lo,low
lo,Lowe
load,lode
load,lowed
loan,lone
loaner,loner
loch,lough
loch,luch
lock,Locke
locomotive,locomotives
lode,load
lode,lowed
log,låg
log,låg
log,låg
loge,låge
loge,låge
logger,lager
lone,loan
loner,loaner
long,longs
look,luck
look,Luke
loony,loonie
loony,looney
loony,luny
loop,loupe
loot,lute
lope,Lop
lord,lored
lord,laud
lore,law
lorry,lory
lory,lorry
lose,loos
lot,lods
lot,los
lot,lots
lot,lots
lough,loch
low,lo
low,Lowe
low,lo
low,Lowe
low,lo
low,Lowe
lowed,load
lowed,lode
lox,locks
loyal,loyale
loyal,loyales
luck,look
luna,lunar
luna,looner
lunette,lunettes
luny,loony
luny,loonie
luny,looney
lure,lore
lute,loot
lux,lucks
luxuriant,luxuriants
lye,lie
lye,lai
lymphocyte,lymphocytes
lynx,links
lynx,links
lyre,liar
lyre,lier
lyre,lire
ma,mà
ma,ma'
mac,mack
mac,Mack
macabre,McCobb
mach,mag
machina,machinas
machina,machinât
mack,mac
mack,Mac
made,maid
mag,mach
mag,maag
mag,mak
magistrature,magistratures
magnate,magnet
magnet,magnate
maid,made
mail,male
main,mane
main,Maine
main,mains
main,maint
main,maints
main,maen
maize,maze
majora,majoras
majora,majorât
mal,Mahl
mal,mahl
mal,mau
malaise,Malays
malcontent,malcontents
male,mail
mall,maul
mall,moll
mamie,mamię
man,Mann
man,mann
man,mang
mandate,mandatent
mandate,mandates
mandril,mandrill
mandrill,mandril
mane,main
mane,Maine
mange,manges
mange,mangent
mange,-mentet
manger,mangeai
manger,mangé
manger,mangée
manger,mangées
manger,mangés
manger,mangez
manikin,manakin
manikin,mannequin
manna,manner
manna,manor
mannequin,manakin
manner,manor
manner,manna
mannikin,manakin
mannikin,mannequin
manor,manner
manor,manna
mantle,mantel
manual,Manuel
many,mini
many,mannie
many,Mannie
many,manny
many,Manny
manyfold,manifold
mar,ma
mar,mà
mar,mal
marc,mark
marc,Mark
marc,marque
marcher,marché
marcher,marchés
mardi,mardis
mare,mayor
mare,mayor
marginal,marginale
marginal,marginales
mark,marque
marque,mark
marque,Mark
marry,Mary
marry,merry
marry,Merry
marshal,Marshall
marshal,martial
mart,mard
marten,martin
marten,Martin
martial,marshal
martin,marten
mary,marry
mary,merry
mask,Marske
mask,masque
mask,masc
masque,mask
masque,masc
massed,mast
mast,massed
mat,Matt
mat,matte
mat,mæt
mat,mate
mat,matent
mat,mates
mat,math
mat,maths
mat,mats
mat,matte
mat,mattent
mat,mattes
mat,mâte
mat,mâtent
mat,mâtes
mat,ma
mat,mats
mat,mât
mat,mâts
mat,mate
mat,matent
mat,mates
mat,math
mat,maths
mat,mats
mat,matte
mat,mattent
mat,mattes
mat,mâte
mat,mâtent
mat,mâtes
mate,matę
matin,mâtin
matin,mâtins
matte,mat
matte,Matt
matter,madder
mature,maturent
mature,matures
maul,mall
maul,moll
maya,maija
maya,Maija
mayor,mare
maze,maise
maze,maize
me,mee
me,med
mead,meed
mealie,mealy
mealy,mealie
mean,mien
meat,meet
meat,mete
mecca,mecha
medal,meddle
medal,meddle
medal,metal
medal,mettle
medal,meddle
medal,metal
medal,mettle
meddle,medal
meddle,metal
meddle,mettle
medic,medick
meed,mead
meet,meat
meet,mete
meeting,meting
mein,meinen
melee,Malay
mer,maire
mer,maires
mer,mère
mer,Mère
mer,mères
mer,mers
merchandise,merchandisent
merchandise,merchandises
merci,mercis
meringue,meringuent
meringue,meringues
merry,Mary
merry,marry
mesquite,mezquite
messy,Messi
met,med
met,mets
metal,mettle
metal,medal
metal,meddle
mete,meat
mete,meet
meteor,meatier
meting,meeting
metonym,metanym
mettle,metal
mettle,medal
mettle,meddle
mew,mu
mewl,mule
miasma,my
miasma,asthma
middy,midi
midi,middy
midi,middie
mien,mean
mig,maj
might,mite
mil,mill
mild,milt
mild,Milt
mill,mil
milquetoast,milk toast
milt,mild
mince,mints
mind,mined
mine,minent
mine,mines
mined,mind
miner,minor
miner,myna
mini,many
mini,mini-
minimum,minimums
minion,minyan
minnow,mino
minor,miner
minor,mynah
minyan,minion
miotic,meiotic
mire,mir
mire,myrrhe
mire,mirent
mirror,mere
misheard,misherd
misled,mizzled
missal,missile
missed,mist
missile,missal
mist,missed
mister,Mr.
mistral,mistrals
mite,might
mitt,midt
mitt,midt
mix,micks
mix,Micks
mnemonic,pneumonic
moan,mown
moat,mote
mod,Maud
mode,mowed
model,mottle
moi,mois
moil,mohel
mold,moll
moll,mall
moll,maul
moll,mole
moll,mold
molly,mollie
molly,Mollie
moly,molly
moniker,Monica
monochrome,monochromes
moo,mu
mood,mooed
mooed,mood
moor,Moore
moor,more
moor,cure
moor,maw
moor,mooer
moose,mousse
moral,mural
mordant,mordent
mordent,mordant
more,moor
more,Moor
more,Moore
more,maure
more,maures
more,mores
more,mort
more,morts
morn,mourn
morn,mourne
morn,morne
morning,mourning
morose,moroses
mortal,murtal
mot,maux
mot,mots
mot,mots
mote,moat
moue,moo
moue,mou
moue,moud
moue,mouds
moue,moues
moue,mous
moue,moût
moue,moûts
moult,mou
moult,mous
mourn,morne
mourn,mourne
mourning,morning
mourning,moaning
mousse,moose
moustache,moustaches
mowed,mode
mown,moan
mule,mewl
mule,mulę
mural,moral
muscle,mussel
muse,mews
muse,Meuse
muse,musent
muse,muses
mussed,must
mussel,muscle
must,mussed
mustard,mustered
mutable,muteable
mute,moot
my,muh
myrrh,murr
myrrh,murre
nag,Knagg
nail,nêu
nap,knap
napping,knapping
nasalise,nasalisent
nasalise,nasalises
native,natives
naught,not
naughty,knotty
naval,navel
naval,nabal
naval,nabal
nave,knave
navel,naval
nay,nee
nay,neigh
nay,Neagh
nee,nay
nee,neigh
nee,né
nee,Neagh
nee,knee
need,knead
need,kneed
neigh,nay
neigh,nee
neigh,Neagh
net,nets
net,nette
net,nettes
new,gnu
new,knew
new,nu
nibbling,nibling
nicker,knicker
night,knight
nightly,knightly
nill,nil
nit,knit
nit,nyt
nitrile,nitrilent
nitrile,nitriles
nix,nicks
no,know
no,noh
nobble,knobble
nocturn,nocturne
nod,gnawed
nohow,know-how
noise,Noyes
nom,noms
nom,non
nom,nons
nome,gnome
non,nom
non,noms
non,nons
non,'n
non,in
non,un
non,un'
none,nun
none,non-
none,nun
none,non-
none,known
nor,gnaw
norma,normas
norma,normât
nose,knows
nose,noes
not,knot
not,naught
nouveau,nouveaux
nouveaux,nouveau
nouvelle,nouvel
nouvelle,nouvelles
nova,novas
nova,novât
nuance,nuances
nuke,neuk
nuke,nuc
nun,none
nuncupative,nuncupatives
nut,Nuth
oar,aw
oar,awe
oar,ore
oar,o'er
oat,ot-
oater,odor
objective,objectives
obliger,obligé
obliger,obligeai
obtain,abthane
occidental,occidentale
occidental,occidentes
odd,awed
odder,otter
ode,owed
odium,Odiham
odor,oater
of,'ve
of,a
ofay,au fait
offal,awful
offensive,offensives
often,orphan
often,non-rhotic
ogee,O.G.
oh,o
oh,owe
oh,o
oh,ó
ohm,heaume
ohm,om
ohm,óm
oil,Oi'll
oiler,Euler
old,oldd
ombre,hombre
ombre,hombres
ombre,ombres
ombre,ombrent
omniscience,omnisciences
on,awn
on,ont
one,won
one,won
one,won
ooze,oohs
oozy,uzi
opine,opinent
opine,opines
or,oar
or,ore
or,o'er
or,awe
or,ord
oracle,auricle
oral,aural
oral,orale
oral,orales
orange,orangent
orange,oranges
orca,horca
ordinance,ordnance
ordnance,ordinance
ordonnance,ordonnances
ore,oar
ore,o'er
organ,Oregon
oriental,orientale
oriental,orientales
original,originale
original,originales
oriole,aureole
orphan,often
ort,aught
ort,ought
oscilloscope,oscilloscopes
otter,odder
otto,auto
ought,aught
oui,we
oui,wee
oui,whee
oui,Wii
oui,ouï
oui,ouïe
oui,ouïes
oui,ouïs
oui,ouït
our,hour
our,are
our,hour
our,are
our,ow
our,are
outcast,outcaste
outcaste,outcast
outer,outta
overate,overrate
overdo,overdue
overdraft,overdraught
overdue,overdo
oversee,oversea
oversight,overcite
ovule,ovulent
ovule,ovules
owe,o
owe,oh
owed,ode
oxide,oxides
oxide,oxyde
oxide,oxydes
ozonise,ozonisent
ozonise,ozonises
paced,paste
pacify,passify
pact,packed
pad,pat
padding,patting
paid,payed
pail,pale
pain,pane
pain,pains
pain,peins
pain,peint
pain,peints
pain,pin
pain,pins
pained,paned
pair,pare
pair,pear
pairing,paring
pal,pow
pale,pail
pale,pâle
pale,palę
palette,palate
palette,pallet
palette,pallette
pall,Paul
pallet,palate
pallet,palette
pallet,pallette
pallet,pellet
pallette,palate
pallette,palette
pallette,pallet
palmier,palmiers
pan,panne
pan,pans
pan,paon
pan,paons
pan,pend
pan,pends
panda,pander
pander,panda
pane,pain
paned,pained
papa,poppa
papa,popper
par,pa
par,pah
par,paw
par,cot-caught
par,pars
par,part
parabola,parabolas
parabola,parabolât
paraffine,paraffinent
paraffine,paraffines
paraphrase,paraphrasent
paraphrase,paraphrases
parasite,parasitent
parasite,parasites
pare,pair
pare,pear
pare,parent
pare,pares
parent,pare
parent,pares
parer,parai
parer,paré
parer,parée
parer,parées
parer,parés
parer,parez
paring,pairing
parish,perish
parka,Parker
parlay,parley
parse,pass
parti,partie
parti,partis
parti,parties
passage,passagent
passage,passages
passed,past
past,passed
pasta,pastor
paste,paced
pastiche,pastichent
pastiche,pastiches
pat,pad
paten,patten
pattern,Patton
patting,padding
patty,paddy
patty,Paddy
paul,pall
paul,pawl
pauper,popper
pause,paws
pause,pores
pause,pours
paw,poor
paw,non-rhotic
paw,pore
paw,pour
paw,par
paw,cot-caught
paw,pa
paw,cot-caught
pawed,pod
pawl,pall
pawl,Paul
pawn,porn
pax,packs
pax,packs
pea,P
pea,pee
peace,piece
peak,peek
peak,peke
peak,pique
peaked,piqued
peaked,peeked
peaked,peeked
peaked,piqued
peaking,peeking
peaking,piquing
peal,peel
pealed,peeled
pealing,peeling
pear,pair
pear,pare
pearl,purl
pease,peas
peat,Pete
pedal,peddle
pedal,petal
peddle,pedal
peddle,petal
pee,P
pee,p
pee,pea
peek,peak
peek,peke
peek,pique
peeked,peaked
peeked,piqued
peeking,peaking
peeking,piquing
peel,peal
peeled,pealed
peeling,pealing
peer,pier
peer,pier
pen,pin
pend,penned
pend,pinned
pendant,pendent
pendant,pendants
pendent,pendant
peninsula,peninsular
penned,pend
penned,pinned
penning,pinning
people,papal
peptide,peptides
per,purr
perdu,perdue
perdu,perdus
perdu,perdues
perdue,perdu
perdue,perdus
perdue,perdues
perfectible,perfectibles
perish,parish
perjure,purger
permissive,permissives
permute,permutent
permute,permutes
persistent,persiste
persistent,persistes
persuader,persuadai
persuader,persuadé
persuader,persuadée
persuader,persuadées
persuader,persuadés
persuader,persuadez
pertinence,pertinences
pet,pais
pet,pait
pet,paît
pet,paix
pet,paie
pet,paies
pet,pets
pet,patch
petal,peddle
petal,pedal
peter,pita
petrel,petrol
petrol,petrel
petty,pedi
pew,Pugh
phagocyte,phagocytent
phagocyte,phagocytes
pharaoh,faro
pharaoh,Faroe
phase,faze
phased,fazed
phaser,phasor
phaser,PHASR
phasing,fazing
phew,few
phial,file
philippine,philippines
philter,filter
philtre,filtre
phlox,flocks
phlox,Flox
phosphene,phosphine
phosphorescence,phosphorescents
phrase,fraise
phrase,frays
phyla,filer
pi,pie
pick,pic
picture,pitcher
pidgin,pigeon
pie,pi
pie,π
piece,peace
pier,peer
pig,pik
pigeon,pidgin
pilar,pilhar
pile,pilę
pilot,Pilate
pin,pen
pin,pain
pin,pains
pin,peins
pin,peint
pin,peints
pin,pins
pincher,pinscher
pinna,Pinner
pinned,pend
pinned,penned
pinning,penning
pinta,pintas
pinta,pintât
pique,peak
pique,peek
pique,peke
pique,peak
pique,peek
pique,peke
pique,peak
pique,peek
pique,peke
pique,piqué
pique,pike
piqued,peaked
piqued,peeked
piquing,peaking
piquing,peeking
pisa,piza
pisa,pizza
pistil,pistol
pistol,pistil
pit,Pijt
pita,PETA
pita,Peter
pitcher,picture
pix,picks
pix,pics
pix,pyx
pizza,piza
pizza,pisa
pizza,Pisa
place,plaice
place,placent
place,places
placer,placé
placer,placés
placer,placée
placer,placées
placer,placez
placer,plaçai
plack,plaque
plaice,place
plain,plane
plain,plains
plain,plein
plain,pleins
plaining,planing
plait,plate
plait,plat
plan,plans
plan,plant
plan,plants
planar,plainer
planar,planer
plane,plain
plane,planes
planed,plained
planer,plainer
planer,planar
planing,plaining
plank,Planck
plant,plan
plant,plans
plant,plants
plat,plait
plat,Platte
plate,plait
please,pleas
plenty,Pliny
pleural,plural
plum,plumb
plumb,plum
plumber,Plummer
plushy,plushie
pneumonic,mnemonic
pod,pawed
pod,pot
pod,pod-
point,poing
point,poings
point,points
pointer,pointai
pointer,pointé
pointer,pointée
pointer,pointées
pointer,pointés
pointer,pointez
pokey,pokie
pol,pool
polar,pular
pole,poll
poler,polar
poll,pole
poll,Pole
pond,pawned
pond,pont
pond,ponds
pone,pony
pone,pony
pool,Poole
pool,pol
poor,pour
poor,pore
poor,paw
popper,pauper
populace,populous
pore,pour
pore,poor
porn,pawn
port,porc
port,porcs
port,ports
porter,portèrent
portmanteaux,portmanteaus
portraiture,portraiturent
portraiture,portraitures
positive,positivent
positive,positives
positivest,positivist
postdate,postdatent
postdate,postdates
pot,paux
pot,peau
pot,peaux
pot,Pô
pot,pots
pot,pots
pot,pod
pot,pod-
potable,pottable
potpourri,popery
pouf,poof
pouf,pouffe
pour,pore
pouring,poring
pox,pocks
praise,prays
praise,preys
pray,prey
prayed,preyed
preachy,preachee
premiere,premier
prescribe,proscribe
pressure,pressurent
pressure,pressures
prexy,prexie
prey,pray
preyed,prayed
pride,pried
pried,pride
primmer,primer
prince,prints
principal,principle
principle,principal
prise,pries
prise,prize
prised,prized
prix,prie
prix,prient
prix,pries
prix,pris
prix,prit
prix,prît
prize,pries
prize,prise
prized,prised
prizing,prising
proceed,precede
procure,procurent
procure,procures
profit,prophet
profuse,profuses
program,programme
programme,program
prolix,prolixs
promenade,promenades
pronominal,pronominale
pronominal,pronominales
prophet,profit
proposer,proposai
proposer,proposé
proposer,proposée
proposer,proposées
proposer,proposés
proposer,proposez
proposition,propositions
propulsive,propulsives
proscribe,prescribe
prose,pros
prose,proses
psalter,salter
pseud,sued
psi,xi
psi,sigh
psi,scye
psi,sai
psi,Si
psi,xi
psi,sigh
psi,scye
psi,sai
psi,Si
psi,psy
psi,psys
psych,sike
psych,cyc
puce,puces
puce,pusse
puce,pussent
puce,pusses
pudding,pudin
punitive,punitives
punkie,punky
punky,punkie
puny,puisne
pure,pur
pure,purs
pure,pures
purger,perjure
purl,pearl
purr,per
purse,perse
put,putt
put,Puth
put,pu
put,pue
put,pues
put,puent
put,pus
put,pût
putative,putatives
putt,put
putting,pudding
pyx,picks
pyx,pics
pyx,pix
qoph,cough
quail,quale
quale,quail
qualifier,qualifiai
qualifier,qualifié
qualifier,qualifiée
qualifier,qualifiées
qualifier,qualifiés
qualifier,qualifiez
quant,quan
quark,kwark
quart,car
quart,quarts
quartz,courts
quartz,quarts
quay,key
que,cue
que,Q
que,queue
que,qui
que,quê
que,qué
quean,queen
queen,quean
queue,cue
queue,Kew
queue,kyu
queue,Q
queue,que
queue,qu'eux
queue,queux
queue,queues
queued,cued
quire,choir
quitter,quittor
quiz,quiz'
quoin,coin
quoin,coign
rabbit,rabbet
race,rees
rack,wrack
racquet,racket
rad,rat
radar,ratar
radical,radicle
radical,radicale
radical,radicales
radiosonde,radiosondent
radiosonde,radiosondes
raid,raide
rail,raï
rain,reign
rain,rein
rained,reigned
rained,reined
raining,reining
raining,reigning
raise,rase
raise,rays
raise,raze
raise,rehs
raise,réis
raise,res
raiser,raser
raiser,razor
raising,razing
rake,raik
ran,rann
rancor,ranker
rang,wrang
ransack,RANSAC
rap,wrap
rap,wrap
rap,râpe
rap,rab
rapper,wrapper
rapping,wrapping
rapport,rapports
rarely,really
rase,raise
rase,rays
rase,raze
rase,rehs
rase,réis
rase,res
rat,ret
rat,rad
rat,ragħad
rat,rgħat
rationalize,rationalisent
rationalize,rationalises
rave,rêve
ravine,ravinent
ravine,ravines
raw,roar
raw,non-rhotic
raw,rah
raw,rgħaw
raze,raise
raze,rase
raze,rays
raze,rehs
raze,réis
raze,res
razer,razor
reach,reech
read,reed
read,rede
read,red
read,redd
ready,reddy
real,reel
really,rarely
ream,rheme
reave,reeve
rec,recc
rec,reck
rec,wreck
rec,reg
recherche,recherchent
recherche,recherches
recluse,recluses
recompose,recomposent
recompose,recomposes
recondense,recondensent
recondense,recondenses
reconfigure,reconfigurent
reconfigure,reconfigures
reconnaissance,reconnaissances
rectal,rectale
rectal,rectales
rectitude,rectitudes
redoubt,read out
reed,read
reed,Reid
reed,Reade
reed,Read
reed,reedt
reed,reedt
reefer,refer
reek,wreak
reel,real
reeve,reave
ref,reph
refer,reefer
refile,refilent
refile,refiles
refinance,refinancent
refinance,refinances
reggae,regue
reign,rain
reign,rein
reigned,rained
reigned,reined
reigning,raining
reigning,reining
rein,rain
rein,reign
rein,Rhein
rein,regn
reined,rained
reined,reigned
reinforce,reenforce
reining,raining
reining,reigning
relay,re-lay
relocation,relocations
rem,ram
respectable,respectables
responsive,responsives
rest,wrest
rest,rast
resting,wresting
restructure,restructurent
restructure,restructures
ret,rat
retarder,retardai
retarder,retardé
retarder,retardée
retarder,retardées
retarder,retardés
retarder,retardez
retch,wretch
rev,ræv
rheum,room
rheumy,roomy
rheumy,Rumi
rhino,RINO
rho,row
rho,roe
rho,Roe
rho,Rowe
rhyme,rime
rich,riche
riche,rich
rider,writer
riff,Rif
riff,rif
right,rite
right,wright
right,Wright
right,write
right,rate
rigor,rigger
rigor,rigour
rigour,rigor
rigour,rigger
rime,rhyme
ring,wring
ring,rynk
riot,ryot
ripe,ripes
ripe,ripent
risk,RISC
risk,risque
rissole,rissolent
rissole,rissoles
rite,right
rite,wright
rite,Wright
rite,write
ritz,writs
ritz,Ritts
road,Rhode
road,rode
road,rowed
roar,raw
rob,rop
roc,rock
roc,rawk
rock,roc
rock,rawk
rock,rok
rode,road
rode,rowed
roe,row
roe,Rowe
roe,rho
role,roll
roll,role
rolling,Rowling
roman,roamin'
roman,romans
rondeau,rondo
rondo,rondeau
rood,rude
room,rheum
room,rum
root,route
root,rute
rooted,routed
rose,rows
rose,roes
rose,rhos
rot,wrought
rot,Rott
rot,rhô
rot,ros
rot,rôt
rote,wrote
roue,roux
rough,ruff
rouse,rows
rout,route
rout,route
rout,route
rout,route
rout,route
rout,route
rout,route
route,root
route,rute
roux,rue
roux,roo
roux,roue
row,rho
row,roe
row,rho
row,roe
rowed,road
rowed,rode
rowed,Rhode
royal,royale
royal,royales
rub,rup
rude,rood
rude,rued
rude,rudę
rue,roo
rue,roux
ruff,rough
ruff,ruffe
rug,róg
rung,rng
rung,wrung
ruse,roos
ruse,rues
rustle,Russell
rye,wry
sabbat,Saba
sabotage,sabotages
saccharin,saccharine
saccharine,saccharin
sachet,sashay
sacheted,sashayed
sack,sac
sack,SAC
saclike,sacklike
sacral,sacrale
sacral,sacrales
sag,sæð
saga,sagað
sail,sale
sail,saiu
saint,sain
saint,sains
saint,saints
saint,sein
saint,seing
saint,seings
saint,seins
saint,ceins
saint,ceint
saint,ceints
sake,saque
salary,celery
sale,sail
sale,salle
saliva,salivas
saliva,salivât
salter,psalter
same,Sejm
san,cent
san,cents
san,sang
san,sangs
san,sans
san,sens
san,sent
sanatory,sanitary
sand,sann
sandwich,SDCH
sandy,sandhi
sane,sain
sane,Seine
sang,cent
sang,cents
sang,san
sang,sangs
sang,sans
sang,sens
sang,sent
sardonyx,sardonics
sari,sorry
sashay,sachet
satanic,seitanic
satyr,saeter
satyric,satiric
sauce,source
sauna,savna
sawed,sod
sawed,sword
sawed,non-rhotic
sawyer,soya
sax,sacks
sax,Sacks
saxophone,saxophonent
saxophone,saxophones
scary,skerry
scene,seen
scene,sene
scenery,senary
scent,cent
scent,sent
science,sciences
scissor,seizer
scratch,skrecz
scull,skull
sculpture,sculptures
scythe,cite
scythe,citent
scythe,cites
scythe,scythes
scythe,Scythes
scythe,site
scythe,sites
sea,C
sea,cee
sea,see
seal,ceil
sealing,ceiling
seam,seem
seam,seme
seaman,seamen
seaman,semen
seaming,seeming
seaming,seming
sec,cec
sec,séc
see,C
see,cee
see,sea
see,Seay
seed,cede
seed,sede
seeder,cedar
seedy,cedi
seek,Sikh
seem,seam
seem,seme
seeming,seaming
seeming,seming
seen,scene
seer,cere
seer,sear
seer,sihr
seer,C-er
seer,c-er
segue,Segway
segue,cegue
seine,sane
seize,seas
seize,sees
sell,cell
seller,cellar
seller,sceller
sense,cents
sense,scents
sense,since
sensor,censer
sensor,censor
sensor,censor
sent,cent
sent,scent
sent,cent
sentimental,sentimentale
sentimental,sentimentales
sept,cet
sept,cette
sere,seer
serf,surf
serf,serfs
serf,cerf
serf,cerfs
serf,serre
serf,serrent
serf,serres
serf,sers
serf,sert
serial,cereal
serin,serein
serin,sereins
serin,serins
serine,serinent
serine,serines
serval,cerval
serviette,serviettes
session,cession
set,sett
set,sed
set,Seth
set,cet
set,cette
set,sept
set,sète
set,sett
set,sätt
seven,Severn
sew,seau
sew,so
sew,soe
sew,soh
sew,sow
sew,sue
sew,sue
sewer,suer
sewer,sower
sewing,sowing
sewn,Saône
sewn,sone
sewn,sown
sex,secs
sex,seks
sex,säcks
sexed,sext
sexto,cesto
shake,sheik
shake,sheikh
shay,chez
she,sidhe
she,Xi
she,shee
shear,sheer
sheer,Scheer
sheer,shear
sheik,shake
sheik,chic
shelly,Shelley
shew,shoe
shew,shoo
shied,shide
ship,Síp
shoe,chou
shoe,shoo
shoe,shew
shoe,SHU
shone,shown
shoo,shoe
shoo,SHU
shoot,chute
shore,sure
shorn,Sean
shorn,Shawn
shorn,Shaun
shot,shott
shot,chott
show,só
shown,shone
showy,showie
shudder,shutter
shutter,shudder
shy,Chi
sic,sick
sic,Sikh
sick,sic
sick,Sikh
side,sighed
sienna,Siena
sierra,cierra
sieur,scieur
sigh,sie
sigh,sai
sigh,psi
sigh,xi
sigh,scye
sigh,Si
sigh,Sy
sigh,Cy
sighed,side
sight,cite
sight,site
sign,sine
sign,syne
signet,cygnet
silence,silences
silly,Scilly
sin,sinn
since,sense
since,cents
since,scents
sine,sign
sine,syne
single,cingle
sink,sync
sink,synch
sink,cinque
sink,zinc
sinner,center
sire,cire
sire,cirent
sire,cires
sire,sires
sister,cister
sisterly,systole
sitar,citar
site,cite
site,sight
site,cite
site,citent
site,cites
site,scythe
site,Scythe
site,scythes
site,Scythes
site,sites
siting,citing
siting,sighting
six,sicks
six,sics
sixte,sixt
sixth,six
size,psis
size,scise
size,sighs
skew,SKU
skidder,skitter
skin,skyn
skitter,skidder
skull,scull
sky,Skye
slaughter,slotter
slay,sleigh
slay,sley
sleave,sleeve
sleave,slieve
sled,slet
sleigh,slay
sleight,slight
slight,sleight
slily,slili
sloe,slow
slue,slew
slue,slough
smeller,smellet
smog,smok
snip,SNP
snob,snop
snugly,snuggly
so,seau
so,sew
so,soe
so,soh
so,soy
so,soð
so,zoo
soak,soke
soar,sore
soar,saw
soar,sower
soar,suar
sober,soba
soc,sosh
soc,sock
social,sociale
social,sociales
sod,sawed
sofa,sofas
software,softwear
sol,soul
sol,sole
sol,sòl
sol,sål
sole,Seoul
sole,soul
sole,sowl
sole,solę
solo,sólo
solution,solutions
solvate,solvatent
solvate,solvates
some,sum
son,sun
song,xong
sonny,sunny
soot,suit
soprano,sopranos
sordid,sorted
sore,soar
sorry,sari
sort,sought
sort,sors
sorted,sordid
sot,sought
sot,saut
sot,sauts
sot,sceau
sot,sceaux
sot,seau
sot,seaux
sot,sots
sot,sots
sought,sort
soul,Seoul
soul,sole
soul,sowl
soul,sou
soul,souls
soul,sous
soul,szól
soul,sou
source,sauce
souse,sowse
sow,sough
sow,seau
sow,sew
sow,so
sow,soe
sow,soh
sowing,sewing
sown,Saône
sown,sewn
sown,sone
soya,sawyer
spade,spayed
spar,spa
spare,sparer
spare,sparre
spare,sparrer
spark,SPARC
sparkle,SPARQL
spate,speight
spay,Spey
spayed,spade
spec,speck
speck,spec
spelt,speld
spermicide,spermicides
spider,Spyder
spigot,spicket
spoor,spore
spore,spoor
spore,sporę
sport,spott
spot,spod
squaller,squalor
squalor,squaller
stagflation,stagflations
staid,stayed
stair,stare
stake,steak
stalk,stork
stalk,stock
stalker,stocker
stalking,stocking
standard,standart
stare,stair
stark,stak
stash,stache
stat,stad
stationary,stationery
stationery,stationary
stayed,staid
steak,stake
steal,steel
steal,stele
stealing,steeling
steel,steal
steel,stele
steely,stele
steeve,Steve
stele,steely
step,steppe
steppe,step
sterling,Stirling
steve,steeve
stick,stich
stile,style
stock,stalk
stocker,stalker
stocking,stalking
stole,stolę
store,stower
storey,story
stork,stalk
stoup,stoop
stow,store
straight,strait
strait,straight
straitly,straightly
stria,strias
stria,striât
structure,structures
sty,stye
stye,sty
style,stile
stylise,stylisent
stylise,stylises
sublimer,sublimai
sublimer,sublimé
sublimer,sublimée
sublimer,sublimées
sublimer,sublimés
sublimer,sublimez
subordination,subordinations
substantive,substantives
succour,sucker
sue,Sioux
sue,sou
sue,Su
sue,sew
sue,su
sue,suent
sue,sues
sue,sus
sue,sut
sue,sût
sued,pseud
suede,swayed
suer,sewer
suggestive,suggestives
suicide,suicident
suicide,suicides
suit,soot
suit,suis
suite,sweet
sulfa,sulfur
sulfate,sulfatent
sulfate,sulfates
sum,some
summary,summery
summery,summary
summit,summat
sumo,zumo
sun,son
sundae,Sunday
sunny,sonny
sup,'sup
super,souper
surcharge,surchargent
surcharge,surcharges
sure,shaw
sure,Shaw
sure,non-rhotic
sure,shore
sure,cure
sure,show
sure,non-rhotic
surely,Shirley
surf,serf
surface,surfaces
surface,surfacent
surge,serge
surmise,surmisent
surmise,surmises
survive,survives
survive,survivent
swage,suage
swayed,suede
sweet,suite
sweetish,Swedish
sword,soared
sycamore,sycomore
symbol,cymbal
sync,sink
syne,sign
syne,Seine
syne,sane
syne,sain
syntax,sin tax
syringe,Sȳringe
syrinx,Sȳrinx
system,système
systole,sisterly
tabula,tabulas
tabula,tabulât
tacet,tacit
tacet,tasset
tacit,tacet
tacit,tasset
tackle,tacklent
tackle,tackles
tackle,tacle
tackle,tacles
tag,tak
tail,tale
tail,tael
tailor,tailer
tale,tail
talk,torc
talk,torq
talk,torque
talk,tock
tamale,tomalley
tambourine,tambourinent
tambourine,tambourines
tame,Thame
tamper,Tampa
tan,tans
tan,tant
tan,taon
tan,temps
tang,tank
tank,tang
tanner,tannai
tanner,tanné
tanner,tannée
tanner,tannées
tanner,tannés
tanner,tannez
taper,tapir
taper,tapai
taper,tapé
taper,tapée
taper,tapées
taper,tapés
taper,tapez
tapir,taper
tare,tear (<span class="mention-gloss-double-quote">“</span><span class="mention-gloss">rip</span><span class="mention-gloss-double-quote">”</span>)
tare,tear (<span class="mention-gloss-double-quote">“</span><span class="mention-gloss">rip</span><span class="mention-gloss-double-quote">”</span>)
tare,tear (<span class="mention-gloss-double-quote">“</span><span class="mention-gloss">rip</span><span class="mention-gloss-double-quote">”</span>)
tarn,turn
taro,tarot
tarot,taro
tarot,taraud
tarot,tarauds
tarot,taro
tarrier,terrier
tartar,tarter
tarter,tartar
tau,taus
tau,taux
tau,tôt
tau,tal
taut,taught
taut,tort
taut,tot
taw,tau
tax,tacks
tax,tacks
tea,T
tea,te
tea,tee
tea,ti
team,teem
tear,tare
tear,tier
tearable,terrible
tease,teas
tease,tees
tee,T
tee,te
tee,tea
tee,ti
tee,ti
tee,ti
teem,team
teeming,teaming
tem,têm
temp,tęp
tempo,tępo
ten,tin
tender,tinder
tenner,tenor
tenor,tenner
tensive,tensives
tent,tint
tent,tint
tercel,terccel
terminal,terminale
terminal,terminales
tern,turn
tern,tarn
ternary,ternery
terne,tern
terne,turn
terne,fern
terra,terror
terre,taire
terre,terrent
terre,terres
terrible,tearable
terror,tare
terror,tear
terror,terra
terror,Terra
terse,tersent
terse,terses
thai,táj
than,then
than,thang
thee,the
their,there
their,they're
theocracy,theocrasy
there,their
there,they're
tho,the
thought,thot
three,tree
three,th-stopping
three,free
three,th-fronting
threw,through
threw,thru
throe,throw
throne,thrown
through,threw
through,thru
throw,throe
thrown,throne
thru,threw
thyme,time
tic,tick
tic,tique
tick,tic
tide,tied
tie,Tai
tie,Thai
tie,Ty
tied,tide
tier,tire
tier,tyre
tier,tiger
tiger,tier
tighten,titan
tighten,Titan
til,tio
timbal,timbale
timber,timbre
timbre,timber
time,thyme
tin,thin
tin,th-stopping
tin,ten
tin,pin
tin,pen
tinder,tender
tine,Tyne
tint,tent
tinter,teinté
tinter,teintée
tinter,teintées
tinter,teinter
tinter,teintés
tinter,tintez
tinter,tinté
tinter,tintée
tinter,tintées
tinter,tintés
tinter,tintez
tip,typ
tire,tyre
tiro,Tīrō
titan,tighten
titular,titulà
to,too
to,two
toad,toed
toad,towed
toast,toost
toaster,Towcester
toboggan,toboggans
tocsin,toxin
toe,tow
toed,toad
toed,towed
tog,tåg
tog,tok
told,tolled
told,tolv
told,toldd
tole,toll
toll,tole
tolled,told
tomb,tom
ton,thon
toner,tonnerre
tonic,tonics
tonic,tonique
tonic,toniques
tonne,ton
tonne,tun
tonsil,tonsile
too,two
too,to
tool,tulle
tooter,tutor
tooth,twoth
top,tope
tope,taupe
tora,torað
torc,torq
torc,torque
torc,talk
tore,tor
tore,taw
tore,tåre
torn,tawn
torque,torq
torque,torc
torque,talk
tort,taught
tort,taut
torte,tort
torte,taught
torte,taut
torture,torcher
torture,torturent
torture,tortures
tot,taught
tot,taut
tot,Tod
total,totale
total,totales
toucher,touchai
toucher,touché
toucher,touchée
toucher,touchées
toucher,touchers
toucher,touchés
toucher,touchez
tough,tuff
tour,tore
tow,toe
towed,toad
towed,toed
toxin,tocsin
tract,tracked
trader,traitor
tradition,traditions
trait,tray
trait,trey
trance,transe
trance,transes
transfuse,transfusent
transfuse,transfuses
transitive,transitives
transmission,transmissions
transmute,transmutent
transmute,transmutes
transport,transports
transpose,transposent
transpose,transposes
travail,travaille
travail,travaillent
travail,travailles
trawl,troll
tray,trey
tray,trait
tree,three
tree,th-stopping
trembler,tremblai
trembler,tremblé
trembler,tremblez
tremor,trimmer
trey,tray
trey,trait
triolet,triolets
triste,trist
triste,tryst
triste,tristes
trivial,triviale
trivial,triviales
troche,trochee
troop,troupe
trop,trot
trot,trop
troupe,troop
tsar,Saar
tuff,tough
tulle,tool
tumbler,Tumblr
tumoral,tumorale
tumoral,tumorales
tun,ton
tun,tonne
tuna,tunas
tuna,tunât
tune,chewn
tuner,tuna
turf,TERF
turn,tern
turn,tarn
tussle,tussal
tut,tu
tut,tue
tut,tues
tut,tuent
tut,tus
tut,tût
tutor,tooter
tutor,Tudor
two,to
two,too
tympany,timpani
tympany,tympani
tyre,tire
ugli,ugly
ugly,ugli
uh,u
ultimatum,ultimatums
unchaste,unchased
undo,undue
undue,undo
untold,untolled
unwanted,unwonted
unwonted,unwanted
upend,append
urn,earn
use,ewes
use,yews
use,yous
use,youse
uvula,uvular
vail,vale
vail,veil
vain,vane
vain,vein
vain,vainc
vain,vaincs
vain,vains
vain,vin
vain,vingt
vain,vingts
vain,vins
vain,vint
vain,vînt
val,hval
val,valg
vale,veil
vale,vail
valerian,Valyrian
valise,valisent
valise,valises
van,vã
vane,vain
vane,vein
varier,variai
varier,varié
varier,variée
varier,variées
varier,variés
varier,variez
vary,very
vascular,bascular
vascular,bascular
vault,volt
vee,ve
vegan,vaguen
veil,vale
veil,vail
vein,vain
vein,vane
vendor,Venda
vengeance,vengeances
venter,venté
venter,ventée
venter,ventées
venter,ventés
ventral,ventrale
ventral,ventrales
verbal,verbale
verbal,verbales
verdure,verger
verger,verdure
vernal,Bernal
versed,verst
vert,ver
vert,verre
vert,verres
vert,vers
vert,verts
vert,vair
vert,vaire
vert,hvert
vert,verdt
vert,vært
vertical,verticale
vertical,verticales
very,vary
vesicle,vesical
vial,vile
vibrance,vibrances
vice,vise
vice,vis
vice,visse
vice,vissent
vice,visses
vide,hvide
vie,vies
vie,vis
vie,vit
view,viu
vile,vial
vin,hvin
vin,vain
vin,vainc
vin,vaincs
vin,vains
vin,vingt
vin,vingts
vin,vins
vin,vint
vin,vînt
vin,Wien
vino,bino
viol,vial
viol,vile
violence,violences
violent,viole
violent,violes
violet,violais
violet,violait
violet,violaient
virgule,virgules
virgule,virgulent
vise,vice
vision,visions
vital,vitale
vital,vitales
vivace,vivaces
vive,vives
viz,vis
vocal,bocal
vocal,bucal
vocal,vocale
vocal,vocales
vocal,bocal
vocal,bucal
vol,bol
vol,volt
volt,vault
volt,bol
volt,vol
vote,votent
vote,votes
voter,votai
voter,voté
voter,votée
voter,votées
voter,votés
voter,votez
voyage,voyagent
voyage,voyages
wack,whack
wade,wayed
wade,weighed
wade,wheyed
wail,wale
wail,whale
wailer,whaler
wailing,whaling
wain,Wayne
wain,wane
waist,waste
waisted,wasted
wait,weight
waited,weighted
waive,wave
waiver,waver
wale,wail
wale,whale
wale,walę
walk,wok
walker,waulker
wand,want
want,wont
want,wand
wanton,wonton
war,wore
war,wor
war,wahr
ward,wart
ward,wahrt
ware,wear
ware,we're
ware,where
ware,wear
ware,where
ware,wear
ware,where
waring,wearing
warn,worn
waste,waist
wasted,waisted
watt,wat
watt,wot
watt,wad
watt,wat
watt,ouate
wattle,what'll
waul,wall
wave,waive
waver,waiver
wax,whacks
wax,wacks
way,weigh
way,wey
way,whey
we,oui
we,wee
we,whee
we,Wii
weak,week
weakened,weekend
weaker,weeker
weakly,weekly
weal,we'll
weald,wealed
weald,wheeled
weald,wield
wear,ware
wear,we're
wear,where
wear,were
wearing,waring
wearing,Waring
weather,wether
weave,we've
weaver,weever
wedding,wetting
wee,oui
wee,we
wee,whee
wee,Wii
weed,we'd
week,weak
weekend,weakened
weekly,weakly
weepy,weepie
weigh,way
weigh,wey
weigh,whey
weighed,wade
weighed,wayed
weighed,wheyed
weight,wait
weighted,waited
weir,Wear
weir,we're
weld,welled
welled,weld
wen,when
were,whirr
were,we're
wet,whet
wether,weather
wether,whether
wetted,whetted
wetting,wedding
whack,wack
whale,wail
whale,wale
whaler,wailer
whaling,wailing
what,Watt
what,watt
what,wot
wheal,weal
wheal,we'll
wheal,wheel
whee,oui
whee,we
whee,wee
whee,Wii
wheel,wheal
wheel,weal
wheeled,Weald
wheeled,weald
wheeled,wealed
wheeled,wield
wheeze,wees
wheeze,Wiis
whelp,welp
when,wen
where,ware
where,wear
where,we're
whet,wet
whether,weather
whether,wether
whetter,wetter
whew,phew
whey,way
whey,weigh
whey,wey
which,witch
which,wich
which,wych
whicker,wicker
whig,wig
whine,wine
whined,wined
whined,wind
whinny,Winnie
whiny,winy
whirl,whorl
whirled,whorled
whirled,world
whirr,were
whish,wish
whished,wished
whist,wist
whist,vidst
whist,vist
white,wight
white,Wight
white,wite
whither,wither
whoa,woe
whole,hole
wholly,holey
wholly,holy
whoop,hoop
whorl,whirl
whorled,whirled
whorled,world
whose,who's
whose,whos
why,wye
why,Y
why,y
wicker,whicker
wicker,Wicca
wider,wieder
wield,wealed
wield,Weald
wield,weald
wield,wheeled
wig,Whig
wiggery,Whiggery
wight,wite
wight,white
wild,wilt
wile,while
wiled,wild
wilt,wild
wily,Wiley
wily,Wylie
wily,Wylye
win,wynn
win,Nguyen
win,winne
win,when
wind,wined
wind,whined
wind,wint
wine,whine
wined,whined
wined,wind
winner,winter
winter,winner
winy,whiny
wise,whys
wise,wyes
wise,Ys
wise,why's
wish,whish
wishing,whishing
wit,whit
witch,which
wither,whither
wittier,Whittier
woe,whoa
wok,walk
wolfish,Woolfish
woman,women
women,woman
won,one
won,one
won,wan
won,one
won,wan
wont,want
wont,won't
wood,would
woody,woodie
word,whirred
wore,war
world,whirled
world,whorled
worn,warn
wrack,rack
wrang,rang
wrap,rap
wrap,rap
wrap,râpe
wrapper,rapper
wrath,wroth
wreak,reek
wrest,rest
wretch,retch
wright,right
wright,rite
wright,write
wring,ring
write,right
write,rite
write,wright
writer,rider
wrote,rote
wroth,wrath
wrought,rot
wrung,rng
wrung,rung
wry,rye
wryly,Riley
wryly,wrylie
wurst,worst
wye,y
wye,Y
wye,why
xanthine,xanthein
xanthine,xanthene
yack,yak
yak,yack
yaw,yore
yaw,your
yaw,you're
yawl,y'all
yawn,yon
yay,yea
yea,yay
yearn,yern
yen,hyène
yew,ewe
yew,u
yew,you
yew,hew
yodle,yodlent
yodle,yodles
yoke,yolk
yokel,jokul
yolk,yoke
yon,yawn
yore,your
yore,you're
you,ewe
you,u
you,yew
you,yu
you,hew
yuk,yuck
zeppelin,zeppelins
zeta,seta
zeta,seta
zonal,zonale
zonal,zonales
zone,sone
zoner,zonai
zoner,zoné
zoner,zonée
zoner,zonées
zoner,zonés
zoner,zonez
zoo,so
zoom,zooms
zowie,zowię
